response_id,primary_specialty,officer_rank,year_executed_order,billet_current,order_lag_in_months
15,Emergency Medicine,CDR,2015,Non-Operational/Non-Clinical,2-4 months
20,Allergy/Immunology,CDR,NA,CONUS MTF,2-4 months
21,NA,NA,NA,NA,NA
18,OB/GYN,CAPT or Flag,2016,Non-Operational/Non-Clinical,2-4 months
19,Emergency Medicine,CDR,2016,CONUS MTF,> 4 months
33,Emergency Medicine,LCDR,NA,NA,2-4 months
38,Ophthalmology,LCDR,NA,CONUS MTF,NA
45,Anesthesiology,LCDR,NA,CONUS MTF,> 4 months
23,Family Medicine,LT,2016,OCONUS MTF,NA
24,Pathology,CDR,2015,CONUS MTF,2-4 months
25,Aviation Medicine (Flight Surgery GMO),LT,2015,CONUS Operational,NA
26,Pathology,CDR,2015,OCONUS MTF,2-4 months
27,Emergency Medicine,LCDR,2015,GME,2-4 months
28,Family Medicine,LCDR,2014,CONUS Operational,> 4 months
57,Aviation Medicine (Flight Surgery GMO),LCDR,2014,Non-Operational/Non-Clinical,NA
30,Family Medicine,LCDR,2014,CONUS MTF,2-4 months
49,Family Medicine,CDR,NA,CONUS MTF,> 4 months
32,Pediatrics,LT,2016,CONUS MTF,NA
34,Pediatrics,LCDR,2013,CONUS MTF,2-4 months
35,Anesthesiology,LT,2016,GME,2-4 months
100,Family Medicine,LCDR,NA,OCONUS MTF,2-4 months
153,Emergency Medicine,LT,NA,GME,2-4 months
277,Dermatology,LCDR,NA,CONUS MTF,NA
39,Emergency Medicine,LCDR,2015,CONUS MTF,> 4 months
40,Anesthesiology,LCDR,2016,CONUS MTF,2-4 months
41,Ophthalmology,LT,2015,CONUS MTF,2-4 months
42,Internal Medicine (General),CDR,2015,GME,> 4 months
43,Emergency Medicine,LCDR,2015,OCONUS MTF,2-4 months
44,Otolaryngology,LCDR,2016,CONUS MTF,2-4 months
560,Family Medicine,NA,NA,CONUS MTF,2-4 months
46,Emergency Medicine,LCDR,2015,CONUS MTF,2-4 months
47,Family Medicine,CDR,2014,GME,2-4 months
66,Aviation Medicine (Flight Surgery GMO),LT,2016,CONUS Operational,NA
681,Occupational Medicine,LCDR,NA,OCONUS MTF,> 4 months
50,Family Medicine,CDR,2014,Non-Operational/Non-Clinical,NA
51,Family Medicine,LCDR,2015,OCONUS Operational,NA
52,Emergency Medicine,CAPT or Flag,2015,OCONUS MTF,2-4 months
79,Aviation Medicine (Flight Surgery GMO),LT,2014,CONUS Operational,NA
54,Ophthalmology,LCDR,2015,CONUS MTF,> 4 months
55,Internal Medicine (General),LT,2016,CONUS MTF,2-4 months
56,Anesthesiology,CDR,2014,CONUS MTF,NA
101,Aviation Medicine (Flight Surgery GMO),LT,2016,CONUS Operational,NA
58,Aerospace Medicine (Residency Trained Flight),CAPT or Flag,2015,CONUS Operational,NA
59,Anesthesiology,LCDR,2016,GME,NA
107,Aviation Medicine (Flight Surgery GMO),LCDR,2015,CONUS Operational,NA
61,Preventive Medicine,LCDR,2015,Non-Operational/Non-Clinical,NA
62,Preventive Medicine,LCDR,2015,CONUS Operational,> 4 months
63,Emergency Medicine,CDR,2012,CONUS MTF,> 4 months
887,NA,NA,NA,NA,NA
65,Family Medicine,LT,2016,CONUS Operational,NA
148,Aviation Medicine (Flight Surgery GMO),LT,2016,CONUS Operational,NA
157,Aviation Medicine (Flight Surgery GMO),LT,2016,CONUS Operational,NA
68,Aerospace Medicine (Residency Trained Flight),CDR,2015,GME,> 4 months
226,Aviation Medicine (Flight Surgery GMO),LT,2016,CONUS MTF,2-4 months
70,Emergency Medicine,CDR,2015,CONUS Operational,2-4 months
71,OB/GYN,LCDR,2014,CONUS MTF,> 4 months
72,Pathology,CDR,2016,CONUS MTF,> 4 months
246,Aviation Medicine (Flight Surgery GMO),LT,2015,CONUS Operational,2-4 months
1005,Emergency Medicine,LT,NA,NA,NA
75,Family Medicine,LCDR,2015,OCONUS MTF,NA
1028,Other,LT,NA,NA,NA
77,Neurology,LCDR,2015,CONUS MTF,2-4 months
78,Family Medicine,LCDR,2016,CONUS MTF,NA
255,Aviation Medicine (Flight Surgery GMO),LT,2016,CONUS Operational,2-4 months
80,Internal Medicine (General),LT,2016,CONUS MTF,2-4 months
81,Family Medicine,LCDR,2016,CONUS MTF,2-4 months
82,Psychiatry,LCDR,2016,CONUS MTF,NA
83,Pathology,LCDR,2015,CONUS MTF,2-4 months
662,Aviation Medicine (Flight Surgery GMO),LT,2015,CONUS Operational,NA
85,OB/GYN,CAPT or Flag,2016,OCONUS MTF,2-4 months
86,Emergency Medicine,LCDR,2013,CONUS MTF,NA
87,Aerospace Medicine (Residency Trained Flight),LT,2015,GME,> 4 months
88,Family Medicine,LCDR,2016,CONUS MTF,NA
89,Neurology,CDR,2013,CONUS MTF,2-4 months
90,Otolaryngology,LCDR,2014,CONUS MTF,2-4 months
91,Preventive Medicine,CDR,2016,OCONUS Operational,NA
92,Aerospace Medicine (Residency Trained Flight),LCDR,2016,GME,NA
93,Internal Medicine (General),CAPT or Flag,2014,Non-Operational/Non-Clinical,2-4 months
1033,General Surgery,LT,NA,GME,NA
95,Family Medicine,LCDR,2016,CONUS MTF,2-4 months
96,Emergency Medicine,LCDR,2015,CONUS MTF,2-4 months
666,Aviation Medicine (Flight Surgery GMO),LCDR,2016,CONUS Operational,NA
98,Pediatrics,CDR,2014,OCONUS MTF,2-4 months
99,General Surgery,LCDR,2014,OCONUS Operational,2-4 months
1294,Family Medicine,NA,NA,NA,NA
695,Aviation Medicine (Flight Surgery GMO),LT,2016,CONUS Operational,NA
102,Occupational Medicine,CDR,2014,CONUS MTF,2-4 months
701,Aviation Medicine (Flight Surgery GMO),LT,2015,CONUS Operational,NA
104,Neonatology,LCDR,2016,CONUS MTF,NA
105,Pediatrics,CAPT or Flag,2008,GME,> 4 months
106,Cardiology (IM),CDR,2016,CONUS Operational,NA
719,Aviation Medicine (Flight Surgery GMO),LT,2016,CONUS Operational,NA
108,Plastic Surgery,CDR,2016,CONUS MTF,2-4 months
109,Psychiatry,LCDR,2013,CONUS Operational,2-4 months
110,Anesthesiology,LCDR,2016,CONUS MTF,NA
996,Aviation Medicine (Flight Surgery GMO),LT,2016,CONUS Operational,NA
112,Family Medicine,CDR,2016,OCONUS MTF,2-4 months
1040,Aviation Medicine (Flight Surgery GMO),LT,2016,OCONUS Operational,NA
1065,Aviation Medicine (Flight Surgery GMO),LT,2015,CONUS Operational,NA
115,Urology,CDR,2014,CONUS MTF,2-4 months
116,Radiology,LCDR,2013,CONUS MTF,NA
117,Allergy/Immunology,CDR,2015,CONUS MTF,> 4 months
1075,Aviation Medicine (Flight Surgery GMO),LT,2015,CONUS Operational,2-4 months
119,Allergy/Immunology,LCDR,2016,CONUS MTF,2-4 months
120,Psychiatry,CAPT or Flag,2015,Non-Operational/Non-Clinical,2-4 months
121,Emergency Medicine,CAPT or Flag,2016,OCONUS MTF,2-4 months
122,Emergency Medicine,LCDR,2015,GME,> 4 months
154,Emergency Medicine,LT,NA,NA,NA
124,Emergency Medicine,LCDR,2015,OCONUS Operational,> 4 months
125,Emergency Medicine,LT,2016,GME,NA
126,Emergency Medicine,LCDR,2015,CONUS MTF,2-4 months
127,Rheumatology (IM),CAPT or Flag,2015,CONUS MTF,> 4 months
1093,Aviation Medicine (Flight Surgery GMO),LT,2015,CONUS Operational,NA
129,Rheumatology (IM),LT,2015,GME,2-4 months
130,Emergency Medicine,LT,2015,CONUS MTF,2-4 months
131,Emergency Medicine,CDR,2014,OCONUS MTF,> 4 months
132,Emergency Medicine,LT,2013,CONUS MTF,> 4 months
133,Allergy/Immunology,LCDR,2014,CONUS MTF,2-4 months
691,Otolaryngology,LT,2015,NA,2-4 months
136,Emergency Medicine,LCDR,2014,GME,2-4 months
137,Pediatrics,CDR,2013,CONUS MTF,> 4 months
1094,Aviation Medicine (Flight Surgery GMO),LT,2013,CONUS Operational,2-4 months
934,Orthopedic Surgery,LT,2016,NA,NA
140,Emergency Medicine,CAPT or Flag,2015,CONUS MTF,> 4 months
141,Emergency Medicine,CDR,2016,Non-Operational/Non-Clinical,NA
142,Emergency Medicine,CDR,2015,CONUS MTF,> 4 months
143,Preventive Medicine,CAPT or Flag,2015,GME,2-4 months
144,Endocrinology (IM),CAPT or Flag,2014,CONUS MTF,NA
145,Physical Medicine and Rehabilitation,LCDR,2014,CONUS MTF,2-4 months
1105,Aviation Medicine (Flight Surgery GMO),LCDR,2016,OCONUS Operational,2-4 months
1191,Aviation Medicine (Flight Surgery GMO),LCDR,2016,CONUS MTF,2-4 months
1194,Aviation Medicine (Flight Surgery GMO),LT,2014,CONUS Operational,2-4 months
149,Emergency Medicine,LT,2016,GME,NA
150,Emergency Medicine,LCDR,2015,CONUS MTF,2-4 months
151,Emergency Medicine,LCDR,2014,CONUS MTF,2-4 months
152,Emergency Medicine,LT,2014,GME,2-4 months
155,Emergency Medicine,CDR,2016,CONUS MTF,NA
156,Psychiatry,LT,2015,CONUS MTF,2-4 months
1195,Aviation Medicine (Flight Surgery GMO),LT,2014,CONUS Operational,2-4 months
158,Emergency Medicine,LT,2015,CONUS MTF,2-4 months
159,Emergency Medicine,CDR,2015,CONUS MTF,> 4 months
160,Emergency Medicine,LCDR,2016,GME,2-4 months
161,Emergency Medicine,LCDR,2016,CONUS MTF,NA
163,Radiology,CAPT or Flag,2016,OCONUS Operational,2-4 months
164,Emergency Medicine,CDR,2015,OCONUS MTF,2-4 months
165,Emergency Medicine,CDR,2016,CONUS MTF,2-4 months
166,Rheumatology (IM),CDR,2016,CONUS MTF,> 4 months
167,Radiology,CDR,2014,OCONUS MTF,2-4 months
168,Radiology,LCDR,2015,CONUS MTF,NA
169,Radiology,CDR,2016,OCONUS MTF,2-4 months
170,Radiology,LCDR,2015,CONUS MTF,2-4 months
171,Radiology,CDR,2016,Non-Operational/Non-Clinical,NA
172,Radiology,LCDR,2016,CONUS Operational,2-4 months
173,Radiology,CDR,2016,OCONUS Operational,> 4 months
174,Radiology,LCDR,2014,CONUS MTF,2-4 months
175,Radiology,LCDR,2016,CONUS MTF,2-4 months
176,Radiology,CAPT or Flag,2011,GME,2-4 months
177,Radiology,LCDR,2015,CONUS MTF,> 4 months
178,Family Medicine,CAPT or Flag,2016,CONUS MTF,NA
179,Emergency Medicine,LCDR,2015,OCONUS MTF,2-4 months
180,Family Medicine,LT,2014,CONUS MTF,2-4 months
181,Family Medicine,LCDR,2015,OCONUS MTF,NA
182,Family Medicine,LCDR,2016,CONUS MTF,2-4 months
183,Family Medicine,CAPT or Flag,2012,GME,2-4 months
184,Family Medicine,LCDR,2014,CONUS MTF,2-4 months
185,Family Medicine,LCDR,2015,CONUS MTF,2-4 months
186,Family Medicine,LT,2016,CONUS MTF,2-4 months
187,Family Medicine,LCDR,2014,GME,2-4 months
188,Family Medicine,LT,2012,CONUS Operational,> 4 months
189,Family Medicine,CDR,2015,CONUS MTF,NA
190,Family Medicine,LCDR,2014,CONUS MTF,2-4 months
191,Family Medicine,LT,2016,CONUS MTF,> 4 months
192,Family Medicine,CDR,2015,CONUS MTF,2-4 months
193,Family Medicine,CDR,2015,OCONUS MTF,2-4 months
194,Family Medicine,CDR,2016,CONUS MTF,2-4 months
195,Family Medicine,CDR,2013,CONUS MTF,2-4 months
196,Family Medicine,LT,2015,CONUS MTF,2-4 months
197,Aerospace Medicine (Residency Trained Flight),CAPT or Flag,2016,CONUS Operational,2-4 months
198,Family Medicine,LCDR,2015,CONUS MTF,2-4 months
199,Family Medicine,CAPT or Flag,2012,CONUS MTF,> 4 months
200,Radiology,CDR,2014,CONUS MTF,> 4 months
201,Family Medicine,LCDR,2014,CONUS MTF,2-4 months
202,Family Medicine,CDR,2014,CONUS MTF,NA
203,Family Medicine,LT,2014,CONUS Operational,2-4 months
204,Family Medicine,CDR,2014,CONUS MTF,2-4 months
205,Family Medicine,LCDR,2014,CONUS Operational,2-4 months
206,Family Medicine,CAPT or Flag,2013,CONUS MTF,> 4 months
207,Family Medicine,LCDR,2014,CONUS MTF,NA
208,Family Medicine,CAPT or Flag,2016,CONUS MTF,2-4 months
209,Family Medicine,CAPT or Flag,2016,Non-Operational/Non-Clinical,> 4 months
210,Family Medicine,LCDR,2016,GME,2-4 months
211,Family Medicine,CDR,2014,CONUS Operational,> 4 months
212,Family Medicine,LT,2016,OCONUS Operational,2-4 months
213,Family Medicine,LCDR,2016,CONUS MTF,> 4 months
214,Family Medicine,CDR,2015,CONUS MTF,2-4 months
215,Family Medicine,LT,2014,GME,NA
216,Family Medicine,LT,2016,CONUS MTF,2-4 months
217,Family Medicine,CDR,2016,CONUS Operational,2-4 months
218,Family Medicine,CAPT or Flag,2014,CONUS MTF,2-4 months
219,Family Medicine,CAPT or Flag,2015,CONUS Operational,2-4 months
220,Family Medicine,CDR,2016,CONUS MTF,NA
221,Anesthesiology,CDR,2016,OCONUS MTF,2-4 months
222,Radiology,LCDR,2016,CONUS MTF,2-4 months
223,Dermatology,LCDR,2014,CONUS MTF,2-4 months
224,Family Medicine,CDR,2013,Non-Operational/Non-Clinical,> 4 months
225,Radiology,CDR,2014,CONUS MTF,2-4 months
1199,Aviation Medicine (Flight Surgery GMO),LT,2014,CONUS Operational,NA
228,Ophthalmology,CAPT or Flag,2014,CONUS Operational,NA
230,Family Medicine,CDR,2015,CONUS MTF,2-4 months
231,Family Medicine,CDR,2016,OCONUS MTF,NA
232,Dermatology,CDR,2015,GME,2-4 months
233,Radiology,CDR,2013,CONUS MTF,2-4 months
234,Family Medicine,LCDR,2015,GME,2-4 months
235,Radiology,LCDR,2015,CONUS MTF,2-4 months
236,Family Medicine,CDR,2016,CONUS Operational,2-4 months
237,Family Medicine,LCDR,2016,CONUS MTF,NA
238,Family Medicine,CDR,2015,CONUS Operational,NA
1201,Aviation Medicine (Flight Surgery GMO),LT,2014,CONUS Operational,NA
1235,Aviation Medicine (Flight Surgery GMO),LT,2015,CONUS Operational,NA
241,Family Medicine,LCDR,2015,CONUS MTF,2-4 months
242,Family Medicine,CAPT or Flag,2016,Non-Operational/Non-Clinical,2-4 months
243,Family Medicine,CDR,2014,Non-Operational/Non-Clinical,NA
244,Family Medicine,LCDR,2014,CONUS Operational,2-4 months
245,Pathology,CAPT or Flag,2015,CONUS MTF,2-4 months
1247,Aviation Medicine (Flight Surgery GMO),LT,2016,CONUS Operational,NA
247,Family Medicine,CAPT or Flag,2016,CONUS MTF,2-4 months
248,Pathology,CDR,2016,CONUS MTF,2-4 months
249,Infectious Disease (IM),CAPT or Flag,2015,OCONUS Operational,2-4 months
250,Radiology,CDR,2015,CONUS MTF,2-4 months
251,Family Medicine,LCDR,2015,CONUS MTF,NA
253,Pathology,CDR,2015,CONUS MTF,NA
254,Family Medicine,CDR,2016,OCONUS Operational,NA
1253,Aviation Medicine (Flight Surgery GMO),LT,2015,CONUS Operational,2-4 months
256,Pathology,LCDR,2014,CONUS MTF,2-4 months
257,Pathology,LCDR,2015,CONUS MTF,2-4 months
258,Pathology,CDR,2014,CONUS MTF,2-4 months
259,Radiology,LCDR,2015,CONUS MTF,> 4 months
260,Family Medicine,LT,2016,OCONUS Operational,2-4 months
261,NA,NA,2014,Non-Operational/Non-Clinical,NA
262,Pathology,LCDR,2014,CONUS MTF,2-4 months
263,Pathology,CDR,2015,CONUS MTF,2-4 months
264,Family Medicine,CAPT or Flag,2014,OCONUS Operational,2-4 months
265,Radiology,LCDR,2016,CONUS MTF,> 4 months
266,Pathology,CAPT or Flag,2016,CONUS MTF,2-4 months
1263,Aviation Medicine (Flight Surgery GMO),LT,2014,CONUS Operational,NA
268,Family Medicine,CAPT or Flag,2015,Other,> 4 months
269,Pathology,CDR,2012,CONUS MTF,2-4 months
270,Pathology,CAPT or Flag,2016,CONUS MTF,NA
271,Occupational Medicine,CDR,2016,GME,2-4 months
1264,Aviation Medicine (Flight Surgery GMO),LT,2015,CONUS Operational,2-4 months
274,Dermatology,LT,2015,CONUS MTF,2-4 months
275,Dermatology,LCDR,2016,CONUS MTF,2-4 months
276,Pathology,LT,2013,GME,2-4 months
278,Pathology,CAPT or Flag,2015,CONUS MTF,2-4 months
279,Family Medicine,CDR,2015,OCONUS MTF,2-4 months
280,Dermatology,LCDR,2016,CONUS MTF,2-4 months
281,Family Medicine,CDR,2016,Other,NA
282,Family Medicine,LCDR,2013,CONUS MTF,NA
283,Dermatology,CDR,2014,CONUS MTF,2-4 months
284,Family Medicine,LCDR,2015,CONUS MTF,2-4 months
285,General Surgery,LCDR,2015,CONUS Operational,NA
1265,Aviation Medicine (Flight Surgery GMO),LT,2014,CONUS MTF,2-4 months
287,Dermatology,LCDR,2016,CONUS MTF,2-4 months
288,Dermatology,CDR,2016,CONUS MTF,2-4 months
289,Pathology,LCDR,2015,CONUS MTF,2-4 months
290,Radiology,LCDR,2015,CONUS MTF,2-4 months
291,Dermatology,CDR,2016,CONUS MTF,2-4 months
292,Pathology,CAPT or Flag,2015,Non-Operational/Non-Clinical,NA
293,Dermatology,LCDR,2016,CONUS MTF,NA
294,OB/GYN,CAPT or Flag,2015,CONUS Operational,2-4 months
295,Family Medicine,CAPT or Flag,2015,CONUS MTF,2-4 months
296,Radiology,CDR,2014,CONUS MTF,2-4 months
297,Pathology,CDR,2015,CONUS MTF,2-4 months
298,Pathology,CAPT or Flag,2015,CONUS MTF,2-4 months
299,Family Medicine,LT,2015,CONUS MTF,> 4 months
303,Dermatology,LCDR,2014,CONUS MTF,2-4 months
304,Pediatrics,CDR,2010,CONUS MTF,> 4 months
305,Family Medicine,CDR,2016,CONUS Operational,NA
306,Psychiatry,CAPT or Flag,2015,GME,NA
307,Pathology,CDR,2016,CONUS MTF,2-4 months
308,Occupational Medicine,CDR,2015,Non-Operational/Non-Clinical,NA
309,Pediatrics,LCDR,2012,CONUS MTF,NA
310,Dermatology,LCDR,2014,Other,> 4 months
1269,Aviation Medicine (Flight Surgery GMO),LT,2015,CONUS Operational,NA
1275,Aviation Medicine (Flight Surgery GMO),LT,2016,CONUS Operational,NA
313,Pediatrics,LCDR,2013,CONUS MTF,2-4 months
314,Pediatrics,LT,2016,GME,2-4 months
315,Pediatrics,LT,2015,CONUS MTF,> 4 months
316,Pediatrics,LT,2016,CONUS MTF,NA
317,Pediatrics,LT,2015,CONUS MTF,2-4 months
318,Dermatology,LCDR,2016,OCONUS MTF,2-4 months
319,Family Medicine,LCDR,2015,CONUS Operational,> 4 months
320,Family Medicine,CAPT or Flag,2015,CONUS Operational,2-4 months
321,Family Medicine,LT,2015,CONUS MTF,NA
322,Pediatrics,CAPT or Flag,2016,Non-Operational/Non-Clinical,2-4 months
323,Pediatrics,LT,2014,CONUS MTF,> 4 months
324,Pediatrics,LT,2015,CONUS MTF,2-4 months
325,Pediatrics,LCDR,2015,CONUS MTF,2-4 months
326,Radiology,LCDR,2016,GME,2-4 months
327,Preventive Medicine,CDR,2016,Non-Operational/Non-Clinical,2-4 months
329,Pediatrics,LCDR,2015,CONUS MTF,> 4 months
331,Dermatology,LCDR,2015,CONUS MTF,2-4 months
332,Pediatrics,LCDR,2014,CONUS MTF,> 4 months
333,Pediatrics,LCDR,2013,CONUS MTF,2-4 months
1285,Aviation Medicine (Flight Surgery GMO),LT,2016,CONUS Operational,NA
336,Preventive Medicine,CAPT or Flag,2005,Non-Operational/Non-Clinical,2-4 months
337,Pediatrics,LCDR,2014,CONUS MTF,2-4 months
338,Pediatrics,LCDR,2014,CONUS MTF,2-4 months
339,Pediatrics,CDR,2014,CONUS MTF,2-4 months
340,Pediatrics,CDR,2015,CONUS MTF,> 4 months
341,Pediatrics,LT,2016,CONUS MTF,2-4 months
342,Neonatology,LCDR,2016,CONUS MTF,2-4 months
1307,Aviation Medicine (Flight Surgery GMO),LT,2016,CONUS Operational,2-4 months
344,Pediatrics,CDR,2015,CONUS MTF,> 4 months
345,Pathology,CAPT or Flag,2015,OCONUS MTF,2-4 months
346,Family Medicine,CAPT or Flag,2016,CONUS MTF,> 4 months
347,Pediatrics,LT,2016,GME,2-4 months
348,Pediatrics,CAPT or Flag,2015,CONUS MTF,2-4 months
349,Family Medicine,CDR,2015,CONUS MTF,2-4 months
350,Neonatology,LT,2014,GME,2-4 months
351,Orthopedic Surgery,CDR,2015,CONUS MTF,2-4 months
352,Pediatrics,CDR,2015,CONUS MTF,> 4 months
353,Dermatology,LCDR,2016,OCONUS MTF,> 4 months
354,Orthopedic Surgery,LCDR,2015,OCONUS MTF,2-4 months
355,Preventive Medicine,CAPT or Flag,2015,Non-Operational/Non-Clinical,> 4 months
356,Pediatrics,LCDR,2015,OCONUS MTF,> 4 months
357,Orthopedic Surgery,LCDR,2015,CONUS MTF,2-4 months
358,Family Medicine,LT,2015,OCONUS MTF,> 4 months
359,Pediatrics,CDR,2015,CONUS MTF,> 4 months
360,Orthopedic Surgery,LCDR,2016,CONUS MTF,2-4 months
361,Orthopedic Surgery,LCDR,2015,CONUS MTF,2-4 months
362,Dermatology,CDR,2016,CONUS MTF,2-4 months
1360,Aviation Medicine (Flight Surgery GMO),LT,2016,OCONUS Operational,NA
364,Family Medicine,LCDR,2014,CONUS MTF,2-4 months
365,Pediatrics,LT,2016,OCONUS MTF,2-4 months
366,Family Medicine,LT,2014,CONUS MTF,2-4 months
1361,Aviation Medicine (Flight Surgery GMO),LT,2016,OCONUS Operational,NA
368,Family Medicine,LCDR,2015,OCONUS MTF,2-4 months
369,Family Medicine,LT,2014,OCONUS Operational,2-4 months
370,Pediatrics,CAPT or Flag,2014,CONUS MTF,2-4 months
371,Dermatology,LCDR,2016,GME,2-4 months
372,Family Medicine,LT,2016,OCONUS MTF,2-4 months
1363,Aviation Medicine (Flight Surgery GMO),LT,2016,OCONUS Operational,NA
374,Family Medicine,LT,2015,Non-Operational/Non-Clinical,2-4 months
375,Family Medicine,CAPT or Flag,2016,CONUS MTF,NA
376,Orthopedic Surgery,LCDR,2013,CONUS MTF,2-4 months
377,Pediatrics,CDR,2012,CONUS MTF,2-4 months
67,General Medical Officer,LCDR,2014,CONUS MTF,2-4 months
380,Family Medicine,LCDR,2016,OCONUS MTF,2-4 months
381,Dermatology,LCDR,2014,GME,2-4 months
382,Orthopedic Surgery,LCDR,2016,OCONUS MTF,2-4 months
383,Pathology,LCDR,2015,OCONUS MTF,> 4 months
384,Pathology,LCDR,2016,OCONUS MTF,> 4 months
385,Preventive Medicine,CDR,2014,Non-Operational/Non-Clinical,2-4 months
386,Family Medicine,LT,2016,OCONUS MTF,NA
69,General Medical Officer,LT,2014,CONUS Operational,2-4 months
388,Preventive Medicine,CDR,2014,CONUS MTF,2-4 months
389,Orthopedic Surgery,LCDR,2016,OCONUS MTF,2-4 months
390,Family Medicine,LCDR,2015,OCONUS MTF,NA
391,Family Medicine,LT,2015,OCONUS Operational,NA
392,Pediatrics,LT,2014,CONUS MTF,2-4 months
394,Radiology,CDR,2015,CONUS MTF,> 4 months
395,Pathology,CAPT or Flag,2014,OCONUS MTF,NA
396,Radiology,CAPT or Flag,2015,CONUS MTF,> 4 months
397,Radiology,CDR,2016,OCONUS MTF,2-4 months
398,Radiology,LCDR,2016,CONUS MTF,2-4 months
399,Radiology,CDR,2012,CONUS MTF,2-4 months
400,Dermatology,LCDR,2015,CONUS MTF,> 4 months
401,Emergency Medicine,CDR,2016,OCONUS Operational,2-4 months
402,Neonatology,CAPT or Flag,2016,CONUS MTF,NA
403,Family Medicine,LT,2014,GME,2-4 months
405,Dermatology,LT,2016,CONUS MTF,> 4 months
406,Family Medicine,LT,2014,OCONUS MTF,2-4 months
407,Radiology,LCDR,2016,Non-Operational/Non-Clinical,> 4 months
73,General Medical Officer,LCDR,2013,OCONUS MTF,NA
111,General Medical Officer,LT,2016,Non-Operational/Non-Clinical,2-4 months
410,Orthopedic Surgery,LCDR,2016,CONUS MTF,2-4 months
411,Pediatrics,LT,2016,OCONUS MTF,2-4 months
412,Internal Medicine (General),LT,2015,CONUS MTF,NA
413,Emergency Medicine,LCDR,2016,OCONUS MTF,> 4 months
414,Pathology,CAPT or Flag,2015,OCONUS MTF,2-4 months
415,Dermatology,LT,2014,GME,2-4 months
416,Family Medicine,LCDR,2015,OCONUS MTF,2-4 months
113,General Medical Officer,LT,2013,OCONUS Operational,2-4 months
419,Radiology,LCDR,2016,OCONUS MTF,2-4 months
420,Family Medicine,LCDR,2016,OCONUS MTF,NA
421,Pediatrics,CAPT or Flag,2014,OCONUS MTF,> 4 months
422,Family Medicine,LT,2014,OCONUS MTF,2-4 months
423,Pediatrics,LCDR,2016,OCONUS MTF,2-4 months
424,Family Medicine,LT,2014,OCONUS MTF,2-4 months
425,Family Medicine,CAPT or Flag,2016,OCONUS MTF,2-4 months
426,Family Medicine,CDR,2016,OCONUS Operational,NA
427,Family Medicine,LCDR,2014,OCONUS MTF,> 4 months
114,General Medical Officer,LT,2015,CONUS Operational,NA
429,Radiology,CAPT or Flag,2015,OCONUS MTF,2-4 months
430,Radiology,LCDR,2016,OCONUS MTF,2-4 months
431,Family Medicine,LCDR,2015,OCONUS MTF,2-4 months
432,Family Medicine,LCDR,2014,OCONUS MTF,> 4 months
433,Pathology,CDR,2015,OCONUS MTF,2-4 months
312,General Medical Officer,LT,2015,CONUS MTF,2-4 months
418,General Medical Officer,LT,2015,OCONUS Operational,2-4 months
436,Orthopedic Surgery,LCDR,2012,CONUS MTF,> 4 months
437,Pediatrics,CDR,2016,CONUS MTF,> 4 months
428,General Medical Officer,LT,2016,OCONUS Operational,2-4 months
439,Pediatrics,LCDR,2009,CONUS MTF,NA
440,Orthopedic Surgery,LCDR,2016,CONUS MTF,2-4 months
441,Preventive Medicine,CAPT or Flag,2016,CONUS MTF,2-4 months
442,Dermatology,CDR,2015,CONUS MTF,> 4 months
443,Pediatrics,CDR,2015,CONUS MTF,NA
444,Family Medicine,CAPT or Flag,2014,CONUS MTF,2-4 months
445,Pediatrics,CDR,2011,CONUS MTF,> 4 months
446,Preventive Medicine,CDR,2016,GME,2-4 months
447,Family Medicine,CDR,2015,OCONUS MTF,2-4 months
448,Pediatrics,CAPT or Flag,2016,CONUS MTF,NA
449,Preventive Medicine,CAPT or Flag,2013,Non-Operational/Non-Clinical,2-4 months
450,Pediatrics,LCDR,2016,CONUS MTF,NA
451,Orthopedic Surgery,CDR,2014,CONUS MTF,2-4 months
453,Radiology,CDR,2015,CONUS MTF,2-4 months
454,Pediatrics,CAPT or Flag,2016,CONUS Operational,> 4 months
455,Occupational Medicine,LCDR,2014,CONUS MTF,2-4 months
456,Family Medicine,CAPT or Flag,2014,CONUS Operational,2-4 months
457,Pediatrics,LCDR,2013,CONUS MTF,> 4 months
458,Pediatrics,LT,2013,GME,2-4 months
459,Cardiothoracic Surgery,LCDR,2015,CONUS MTF,> 4 months
460,Family Medicine,LT,2016,GME,2-4 months
461,Neonatology,LT,2016,CONUS MTF,> 4 months
462,Pediatrics,LT,2014,CONUS MTF,NA
464,Radiology,CDR,2013,CONUS MTF,2-4 months
465,Neonatology,LT,2015,GME,> 4 months
466,Orthopedic Surgery,LCDR,2014,CONUS MTF,2-4 months
467,Pediatrics,LCDR,2016,CONUS MTF,2-4 months
468,Preventive Medicine,LCDR,2014,CONUS MTF,NA
469,Pediatrics,LT,2014,CONUS MTF,2-4 months
470,Family Medicine,LT,2016,OCONUS Operational,NA
471,Preventive Medicine,CDR,2016,CONUS Operational,2-4 months
472,Pediatrics,CDR,2014,CONUS MTF,> 4 months
473,Preventive Medicine,LCDR,2015,GME,NA
434,General Medical Officer,LT,2015,CONUS Operational,> 4 months
475,Family Medicine,LT,2014,CONUS MTF,2-4 months
476,Heme/Onc (IM),LCDR,2014,CONUS MTF,2-4 months
477,Radiology,CDR,2014,CONUS MTF,> 4 months
478,Pediatrics,LCDR,2014,CONUS MTF,2-4 months
479,Heme/Onc (IM),CDR,2015,CONUS MTF,NA
480,Preventive Medicine,LCDR,2016,CONUS MTF,2-4 months
481,Orthopedic Surgery,CDR,2014,CONUS MTF,2-4 months
482,OB/GYN,CDR,2014,CONUS MTF,2-4 months
483,Neonatology,CDR,2016,CONUS MTF,NA
484,Family Medicine,LT,2015,GME,2-4 months
485,Radiology,LCDR,2016,CONUS MTF,2-4 months
486,Emergency Medicine,LCDR,2014,CONUS MTF,NA
487,Pediatrics,LT,2015,CONUS MTF,NA
488,Heme/Onc (IM),LCDR,2015,CONUS MTF,> 4 months
489,General Medical Officer,LT,2016,CONUS MTF,2-4 months
490,Pediatrics,LT,2015,CONUS MTF,2-4 months
492,Family Medicine,LT,2016,GME,2-4 months
494,Nephrology (IM),CDR,2016,CONUS MTF,2-4 months
495,Pathology,CAPT or Flag,2010,CONUS MTF,2-4 months
496,Heme/Onc (IM),LCDR,2016,CONUS MTF,2-4 months
497,Pediatrics,CDR,2014,CONUS MTF,2-4 months
498,Family Medicine,CDR,2014,CONUS MTF,> 4 months
499,Dermatology,LCDR,2015,CONUS MTF,2-4 months
500,Pediatrics,LT,2016,CONUS MTF,NA
1103,General Medical Officer,LT,2014,Non-Operational/Non-Clinical,> 4 months
502,Preventive Medicine,CDR,2016,CONUS Operational,2-4 months
503,Emergency Medicine,CDR,2015,CONUS Operational,2-4 months
504,Allergy/Immunology,CDR,2015,CONUS MTF,> 4 months
505,Radiology,CDR,2012,CONUS MTF,2-4 months
506,Nephrology (IM),LCDR,2014,CONUS MTF,2-4 months
507,Dermatology,CDR,2016,Non-Operational/Non-Clinical,2-4 months
508,Pediatrics,LT,2014,GME,2-4 months
509,General Surgery,LCDR,2015,CONUS MTF,2-4 months
510,Emergency Medicine,LCDR,2016,CONUS Operational,> 4 months
511,Family Medicine,LT,2013,GME,2-4 months
512,Pediatrics,CDR,2015,OCONUS MTF,2-4 months
513,Dermatology,LCDR,2015,GME,2-4 months
514,Neonatology,CDR,2014,CONUS MTF,2-4 months
515,Family Medicine,LT,2016,OCONUS MTF,2-4 months
516,Family Medicine,LT,2015,OCONUS MTF,NA
517,Family Medicine,LCDR,2016,OCONUS MTF,NA
518,Nephrology (IM),LT,2016,CONUS MTF,2-4 months
519,Pediatrics,LCDR,2014,GME,2-4 months
520,Psychiatry,LCDR,2015,CONUS MTF,NA
521,Allergy/Immunology,CDR,2016,CONUS MTF,> 4 months
522,Nephrology (IM),LCDR,2015,CONUS MTF,2-4 months
523,Pediatrics,LT,2014,CONUS MTF,2-4 months
524,Preventive Medicine,CDR,2015,Non-Operational/Non-Clinical,> 4 months
525,Radiology,LCDR,2012,CONUS MTF,2-4 months
526,Nephrology (IM),LCDR,2016,CONUS MTF,2-4 months
528,Radiology,CDR,2013,CONUS MTF,> 4 months
529,Pathology,CDR,2016,CONUS MTF,2-4 months
530,Family Medicine,LT,2016,OCONUS Operational,> 4 months
1171,General Medical Officer,LT,2015,CONUS MTF,2-4 months
532,Family Medicine,CAPT or Flag,2015,CONUS MTF,> 4 months
533,Psychiatry,LCDR,2013,GME,2-4 months
534,Preventive Medicine,LCDR,2016,CONUS Operational,2-4 months
536,Pediatrics,LCDR,2013,CONUS MTF,> 4 months
537,Psychiatry,LCDR,2013,GME,2-4 months
538,Pathology,LCDR,2016,CONUS MTF,> 4 months
1193,General Medical Officer,LT,2015,CONUS Operational,2-4 months
1212,General Medical Officer,LT,2016,CONUS Operational,NA
541,Radiology,CDR,2013,CONUS MTF,> 4 months
542,Pediatrics,CDR,2016,GME,2-4 months
543,Family Medicine,CAPT or Flag,2015,CONUS MTF,> 4 months
544,Family Medicine,LCDR,2016,CONUS MTF,2-4 months
545,Family Medicine,LCDR,2016,GME,> 4 months
546,Pediatrics,CDR,2014,OCONUS MTF,2-4 months
549,Cardiology (IM),CDR,2014,CONUS MTF,2-4 months
550,Preventive Medicine,LCDR,2015,OCONUS Operational,2-4 months
551,Pediatrics,LT,2014,CONUS MTF,2-4 months
552,Emergency Medicine,LCDR,2015,OCONUS Operational,NA
553,Cardiology (IM),CDR,2015,CONUS MTF,> 4 months
554,Cardiology (IM),LCDR,2016,CONUS MTF,2-4 months
555,Family Medicine,CDR,2016,OCONUS Operational,2-4 months
556,Family Medicine,CDR,2016,CONUS MTF,2-4 months
557,Cardiology (IM),CDR,2014,CONUS MTF,2-4 months
558,Cardiology (IM),LCDR,2016,CONUS MTF,2-4 months
559,Pediatrics,LCDR,2013,CONUS MTF,2-4 months
561,Cardiology (IM),CDR,2014,CONUS MTF,2-4 months
562,Cardiology (IM),LCDR,2015,CONUS MTF,2-4 months
563,Family Medicine,LT,2016,CONUS MTF,2-4 months
565,Cardiology (IM),CAPT or Flag,2014,CONUS MTF,NA
567,Psychiatry,CAPT or Flag,2015,CONUS MTF,> 4 months
568,Psychiatry,LT,2014,GME,2-4 months
569,Psychiatry,LT,2015,GME,2-4 months
570,Cardiology (IM),CDR,2015,CONUS MTF,2-4 months
571,Cardiology (IM),CAPT or Flag,2015,CONUS MTF,> 4 months
572,Psychiatry,LCDR,2012,CONUS MTF,2-4 months
573,Physical Medicine and Rehabilitation,CDR,2014,CONUS MTF,2-4 months
1220,General Medical Officer,LT,2015,CONUS Operational,2-4 months
575,Psychiatry,LT,2015,CONUS MTF,> 4 months
576,Psychiatry,CDR,2016,Non-Operational/Non-Clinical,NA
1222,General Medical Officer,LT,2016,CONUS Operational,2-4 months
578,Pediatrics,LT,2014,CONUS MTF,2-4 months
1270,General Medical Officer,LT,2016,CONUS Operational,NA
580,Cardiology (IM),CDR,2013,CONUS MTF,NA
581,Psychiatry,CDR,2014,OCONUS MTF,2-4 months
582,Cardiology (IM),CDR,2016,CONUS MTF,2-4 months
583,Cardiology (IM),LCDR,2016,CONUS MTF,> 4 months
584,Psychiatry,LCDR,2015,CONUS Operational,NA
585,Psychiatry,LT,2013,GME,2-4 months
586,Psychiatry,CDR,2016,Non-Operational/Non-Clinical,2-4 months
587,Psychiatry,LT,2013,CONUS MTF,> 4 months
588,Orthopedic Surgery,LCDR,2016,CONUS MTF,2-4 months
589,Psychiatry,LCDR,2014,CONUS MTF,NA
590,Psychiatry,LCDR,2016,CONUS Operational,2-4 months
591,Cardiology (IM),LCDR,2016,CONUS MTF,2-4 months
592,Family Medicine,CDR,2014,CONUS MTF,2-4 months
593,Infectious Disease (IM),CDR,2014,CONUS MTF,2-4 months
594,Pediatrics,LT,2016,OCONUS MTF,2-4 months
595,Internal Medicine (General),CAPT or Flag,2014,Non-Operational/Non-Clinical,2-4 months
596,Psychiatry,LT,2016,OCONUS Operational,NA
597,Cardiology (IM),CDR,2015,CONUS MTF,2-4 months
599,Family Medicine,CDR,2015,GME,2-4 months
600,Infectious Disease (IM),LCDR,2016,Non-Operational/Non-Clinical,2-4 months
601,Cardiology (IM),CDR,2015,CONUS MTF,NA
602,Orthopedic Surgery,LCDR,2015,CONUS MTF,NA
604,Pediatrics,LT,2016,CONUS MTF,2-4 months
605,Cardiology (IM),LCDR,2015,CONUS MTF,NA
606,Endocrinology (IM),LCDR,2014,CONUS MTF,> 4 months
607,Psychiatry,LT,2014,CONUS MTF,NA
608,Emergency Medicine,LCDR,2015,CONUS MTF,2-4 months
609,Family Medicine,LCDR,2015,GME,> 4 months
610,Family Medicine,LCDR,2015,OCONUS Operational,NA
611,Infectious Disease (IM),CAPT or Flag,2015,OCONUS Operational,2-4 months
612,Family Medicine,LT,2015,CONUS MTF,2-4 months
613,Dermatology,LCDR,2014,GME,2-4 months
614,Psychiatry,LCDR,2015,OCONUS MTF,2-4 months
615,Family Medicine,LCDR,2015,CONUS MTF,2-4 months
616,Neonatology,LCDR,2016,CONUS MTF,2-4 months
617,Cardiology (IM),CDR,2016,CONUS MTF,> 4 months
618,Family Medicine,LCDR,2015,GME,2-4 months
619,Family Medicine,LT,2014,GME,> 4 months
620,Family Medicine,CAPT or Flag,2015,OCONUS Operational,2-4 months
621,Emergency Medicine,CDR,2013,CONUS MTF,> 4 months
622,Family Medicine,LT,2014,GME,2-4 months
623,Family Medicine,LT,2015,CONUS MTF,2-4 months
1277,General Medical Officer,LT,2016,CONUS Operational,NA
625,Family Medicine,LCDR,2015,CONUS MTF,2-4 months
626,Family Medicine,LT,2014,CONUS MTF,2-4 months
627,Family Medicine,LCDR,2015,CONUS MTF,2-4 months
628,Psychiatry,LT,2013,GME,2-4 months
629,Family Medicine,LT,2014,GME,> 4 months
630,Family Medicine,LT,2016,GME,2-4 months
631,Gastroenterology (IM),CAPT or Flag,2013,CONUS MTF,> 4 months
632,Internal Medicine (General),CDR,2016,CONUS MTF,2-4 months
633,Pulmonary Critical Care (IM),CDR,2014,CONUS Operational,2-4 months
634,Pulmonary Critical Care (IM),LT,2016,CONUS MTF,> 4 months
635,Pulmonary Critical Care (IM),LCDR,2016,OCONUS MTF,2-4 months
636,Pulmonary Critical Care (IM),CAPT or Flag,2016,CONUS MTF,NA
637,Family Medicine,LCDR,2014,CONUS MTF,> 4 months
638,Aerospace Medicine (Residency Trained Flight),LCDR,2014,GME,2-4 months
639,Heme/Onc (IM),LCDR,2012,CONUS MTF,2-4 months
640,Occupational Medicine,LCDR,2016,CONUS MTF,2-4 months
1280,General Medical Officer,LT,2016,CONUS Operational,2-4 months
643,Occupational Medicine,CDR,2016,CONUS MTF,2-4 months
644,Internal Medicine (General),LCDR,2012,CONUS MTF,2-4 months
645,Occupational Medicine,LCDR,2016,CONUS MTF,> 4 months
646,Occupational Medicine,NA,2016,CONUS MTF,2-4 months
647,NA,LCDR,2016,Other,2-4 months
648,Occupational Medicine,CAPT or Flag,2015,Non-Operational/Non-Clinical,2-4 months
649,Internal Medicine (General),LT,2016,CONUS MTF,NA
650,Occupational Medicine,LCDR,2015,CONUS MTF,2-4 months
651,Gastroenterology (IM),LCDR,2014,CONUS MTF,2-4 months
652,Psychiatry,CDR,2016,CONUS MTF,> 4 months
653,Pulmonary Critical Care (IM),CDR,2016,CONUS MTF,2-4 months
654,Cardiology (IM),LCDR,2015,CONUS MTF,2-4 months
655,Family Medicine,LCDR,2014,Non-Operational/Non-Clinical,NA
656,Family Medicine,LCDR,2015,GME,2-4 months
657,Occupational Medicine,LCDR,2015,Non-Operational/Non-Clinical,2-4 months
658,Gastroenterology (IM),CDR,2014,Other,2-4 months
659,Occupational Medicine,CAPT or Flag,2015,CONUS MTF,NA
660,Aerospace Medicine (Residency Trained Flight),CAPT or Flag,2014,CONUS Operational,2-4 months
661,Family Medicine,CAPT or Flag,2016,Non-Operational/Non-Clinical,2-4 months
1290,General Medical Officer,LT,2014,CONUS Operational,2-4 months
663,Family Medicine,LT,2016,GME,> 4 months
664,Pulmonary Critical Care (IM),CDR,2015,CONUS Operational,NA
665,Other,LT,2015,CONUS Operational,NA
1306,General Medical Officer,LT,2016,CONUS Operational,2-4 months
668,Radiology,CDR,2015,CONUS MTF,2-4 months
669,Internal Medicine (General),LCDR,2016,CONUS MTF,NA
670,Family Medicine,CDR,2012,GME,> 4 months
672,Pulmonary Critical Care (IM),CDR,2014,CONUS MTF,> 4 months
673,Occupational Medicine,LCDR,2015,Non-Operational/Non-Clinical,2-4 months
674,Occupational Medicine,LT,2015,CONUS Operational,NA
675,Occupational Medicine,CDR,2015,CONUS MTF,> 4 months
676,Cardiology (IM),CDR,2015,CONUS MTF,> 4 months
677,Cardiology (IM),CDR,2015,CONUS MTF,NA
678,Physical Medicine and Rehabilitation,LCDR,2014,CONUS MTF,> 4 months
679,Aerospace Medicine (Residency Trained Flight),LCDR,2015,CONUS Operational,NA
680,Occupational Medicine,CDR,2014,Non-Operational/Non-Clinical,2-4 months
682,Dermatology,LCDR,2013,CONUS MTF,2-4 months
683,Cardiology (IM),CDR,2012,CONUS MTF,2-4 months
684,Occupational Medicine,CDR,2013,CONUS Operational,2-4 months
686,Pediatrics,LT,2014,OCONUS MTF,2-4 months
687,Pulmonary Critical Care (IM),LCDR,2013,CONUS MTF,2-4 months
690,Radiology,CDR,2014,CONUS MTF,2-4 months
692,Other,CAPT or Flag,2015,CONUS MTF,NA
693,Family Medicine,LCDR,2011,GME,2-4 months
694,Gastroenterology (IM),LCDR,2015,CONUS MTF,2-4 months
1313,General Medical Officer,LT,2015,CONUS Operational,> 4 months
696,Family Medicine,LT,2016,GME,> 4 months
697,Gastroenterology (IM),CDR,2016,CONUS MTF,2-4 months
698,Internal Medicine (General),LCDR,2014,CONUS MTF,NA
699,Gastroenterology (IM),CDR,2015,CONUS MTF,> 4 months
700,Gastroenterology (IM),LCDR,2016,CONUS MTF,2-4 months
1330,General Medical Officer,LCDR,2012,CONUS Operational,NA
702,Cardiology (IM),LT,2014,CONUS MTF,2-4 months
703,Anesthesiology,LCDR,2014,CONUS MTF,2-4 months
704,Emergency Medicine,LT,2015,CONUS MTF,2-4 months
705,Psychiatry,LCDR,2014,OCONUS MTF,2-4 months
706,General Surgery,CAPT or Flag,2015,CONUS Operational,2-4 months
707,Pediatrics,LT,2015,OCONUS MTF,2-4 months
708,Orthopedic Surgery,LCDR,2015,CONUS MTF,2-4 months
709,Neonatology,CDR,2014,CONUS MTF,> 4 months
710,Cardiology (IM),LCDR,2016,CONUS MTF,> 4 months
711,Family Medicine,LT,2015,GME,2-4 months
712,Internal Medicine (General),LCDR,2014,CONUS MTF,> 4 months
713,Neonatology,LCDR,2015,CONUS MTF,> 4 months
714,Dermatology,LCDR,2014,CONUS MTF,2-4 months
715,Family Medicine,LT,2016,GME,2-4 months
717,Orthopedic Surgery,LCDR,2016,GME,2-4 months
718,Physical Medicine and Rehabilitation,LCDR,2014,CONUS MTF,> 4 months
1335,General Medical Officer,LT,2014,CONUS Operational,2-4 months
720,Pulmonary Critical Care (IM),LCDR,2016,CONUS MTF,NA
721,Neonatology,LCDR,2014,CONUS MTF,2-4 months
723,Psychiatry,LCDR,2016,CONUS Operational,NA
724,Neurology,CAPT or Flag,2015,CONUS MTF,> 4 months
725,Family Medicine,LT,2016,CONUS MTF,2-4 months
726,Neurology,LCDR,2015,CONUS MTF,> 4 months
727,Radiology,CDR,2015,CONUS MTF,NA
728,Neurology,CDR,2016,CONUS MTF,NA
729,Neurology,LCDR,2012,CONUS MTF,2-4 months
730,Preventive Medicine,CDR,2015,CONUS MTF,2-4 months
731,General Surgery,LT,NA,GME,NA
29,Resident,LCDR,2013,NA,> 4 months
782,Emergency Medicine,LT,2016,CONUS MTF,2-4 months
48,Resident,LT,2016,CONUS MTF,2-4 months
792,Internal Medicine (General),LT,2016,CONUS MTF,NA
804,Neurology,LCDR,2014,CONUS MTF,2-4 months
1155,Infectious Disease (IM),CAPT or Flag,2014,Other,NA
802,Neurology,CDR,2014,CONUS MTF,2-4 months
811,Orthopedic Surgery,LT,NA,GME,NA
757,Resident,LT,NA,NA,NA
833,Neurology,CAPT or Flag,2015,CONUS MTF,2-4 months
838,Gastroenterology (IM),CDR,2014,CONUS MTF,2-4 months
845,Pediatrics,LT,2016,GME,2-4 months
1175,Other,CDR,2016,Other,> 4 months
863,Family Medicine,LT,2015,CONUS MTF,2-4 months
873,Family Medicine,LT,2014,GME,NA
877,Family Medicine,LT,2016,GME,NA
888,Anesthesiology,LT,2014,GME,NA
892,Neurology,LCDR,2014,OCONUS MTF,> 4 months
893,Psychiatry,CDR,2015,CONUS MTF,2-4 months
896,Internal Medicine (General),LT,2016,GME,2-4 months
898,Psychiatry,LT,2016,GME,NA
906,Urology,LCDR,2012,GME,> 4 months
908,Orthopedic Surgery,LCDR,2012,GME,NA
909,Infectious Disease (IM),CDR,2014,CONUS MTF,2-4 months
910,General Surgery,LT,2014,GME,NA
60,Resident,LT,2016,GME,NA
929,Emergency Medicine,LT,2016,CONUS MTF,NA
84,Resident,LCDR,2014,GME,2-4 months
944,Neurology,LCDR,2015,CONUS MTF,2-4 months
950,Neurology,CDR,2013,CONUS MTF,2-4 months
958,Family Medicine,LCDR,2015,CONUS Operational,2-4 months
959,Psychiatry,CAPT or Flag,2016,Non-Operational/Non-Clinical,> 4 months
961,Neurology,LT,2015,GME,2-4 months
118,Resident,LCDR,2014,GME,2-4 months
971,General Surgery,LT,2015,GME,2-4 months
980,Psychiatry,LT,2016,GME,> 4 months
981,Neurology,LCDR,2015,CONUS MTF,2-4 months
983,Neurology,CDR,2013,CONUS MTF,2-4 months
986,General Surgery,LCDR,NA,CONUS Operational,NA
992,Aerospace Medicine (Residency Trained Flight),LCDR,2016,CONUS MTF,2-4 months
128,Resident,LT,2016,GME,NA
1002,Pulmonary Critical Care (IM),LT,2016,CONUS MTF,NA
138,Resident,LT,NA,GME,NA
1013,Family Medicine,LCDR,NA,GME,NA
1017,Family Medicine,LT,2014,CONUS MTF,2-4 months
1020,Neurology,LT,2016,GME,2-4 months
1025,Internal Medicine (General),LCDR,2015,CONUS MTF,2-4 months
1027,OB/GYN,CAPT or Flag,2016,OCONUS MTF,2-4 months
1029,Ophthalmology,CDR,2015,CONUS MTF,NA
1031,Gastroenterology (IM),LCDR,2016,GME,> 4 months
1032,OB/GYN,CDR,2016,OCONUS MTF,2-4 months
1035,Family Medicine,LCDR,2015,CONUS MTF,> 4 months
1038,Family Medicine,LT,2016,CONUS Operational,2-4 months
1039,Internal Medicine (General),LT,2015,OCONUS MTF,NA
146,Resident,LT,2015,CONUS MTF,2-4 months
1041,Pediatrics,LT,2016,GME,2-4 months
1042,Cardiology (IM),CDR,2016,CONUS Operational,NA
1043,Preventive Medicine,LCDR,2015,OCONUS MTF,> 4 months
1047,Radiology,LCDR,2014,CONUS MTF,> 4 months
1048,Family Medicine,CAPT or Flag,2015,CONUS Operational,2-4 months
1049,Neurology,CDR,2015,GME,2-4 months
1050,Occupational Medicine,CAPT or Flag,2013,CONUS MTF,> 4 months
1053,Radiology,CDR,2014,CONUS MTF,NA
979,Resident,NA,2014,NA,NA
240,Resident,LCDR,2015,GME,2-4 months
267,Resident,LCDR,2013,CONUS MTF,> 4 months
1062,Emergency Medicine,LCDR,2014,CONUS MTF,2-4 months
273,Resident,LCDR,2013,CONUS MTF,2-4 months
286,Resident,LT,2016,GME,2-4 months
311,Resident,LT,2016,GME,NA
1066,Gastroenterology (IM),LCDR,2014,CONUS MTF,NA
334,Resident,LT,2015,GME,2-4 months
1068,Emergency Medicine,CAPT or Flag,2016,CONUS Operational,2-4 months
363,Resident,LCDR,2014,GME,NA
367,Resident,LCDR,2015,GME,2-4 months
1072,Family Medicine,LCDR,2016,CONUS MTF,> 4 months
1074,Other,CAPT or Flag,2009,CONUS MTF,2-4 months
373,Resident,LCDR,2015,CONUS MTF,2-4 months
378,Resident,LT,2016,CONUS MTF,2-4 months
1077,Family Medicine,LT,2014,GME,NA
1078,Emergency Medicine,CAPT or Flag,2015,CONUS MTF,2-4 months
1080,Neurology,LT,2016,GME,NA
1083,Internal Medicine (General),CDR,2015,CONUS Operational,NA
1086,Cardiology (IM),LCDR,2015,CONUS MTF,2-4 months
1089,Pediatrics,CDR,2014,CONUS MTF,> 4 months
1092,Neurology,LT,2015,CONUS MTF,2-4 months
387,Resident,LCDR,2015,GME,2-4 months
408,Resident,LT,2015,GME,2-4 months
1096,Pediatrics,LCDR,2016,CONUS MTF,NA
1097,Radiology,CDR,2015,CONUS MTF,> 4 months
1099,Psychiatry,LT,2014,GME,2-4 months
1100,Pediatrics,LCDR,2016,CONUS MTF,NA
1101,Psychiatry,LCDR,2014,GME,> 4 months
409,Resident,LT,2016,GME,NA
438,Resident,LT,2015,CONUS MTF,2-4 months
474,Resident,LCDR,2015,GME,2-4 months
1108,Internal Medicine (General),LCDR,2015,OCONUS MTF,NA
1112,Ophthalmology,LT,2016,GME,> 4 months
1113,Infectious Disease (IM),CAPT or Flag,2016,Non-Operational/Non-Clinical,2-4 months
1114,Radiation Oncology,CAPT or Flag,NA,CONUS MTF,2-4 months
1115,Endocrinology (IM),CDR,2013,CONUS MTF,2-4 months
1116,Endocrinology (IM),CDR,2015,CONUS MTF,NA
1117,Otolaryngology,LCDR,2014,CONUS MTF,2-4 months
1118,Otolaryngology,LCDR,2014,CONUS MTF,2-4 months
1119,Otolaryngology,CDR,2011,CONUS MTF,2-4 months
1120,Radiation Oncology,LCDR,2015,CONUS MTF,NA
1121,Otolaryngology,LCDR,2016,CONUS MTF,NA
1122,Otolaryngology,LCDR,2014,CONUS MTF,2-4 months
1123,Otolaryngology,CAPT or Flag,2014,CONUS MTF,> 4 months
1124,Otolaryngology,LCDR,2016,CONUS MTF,2-4 months
1125,Radiation Oncology,LCDR,2015,CONUS MTF,> 4 months
1126,Ophthalmology,CAPT or Flag,2014,CONUS MTF,NA
501,Resident,LT,2016,GME,2-4 months
1128,Ophthalmology,CAPT or Flag,2010,CONUS MTF,2-4 months
1129,Ophthalmology,CDR,2014,GME,NA
1130,Endocrinology (IM),LCDR,2016,OCONUS Operational,> 4 months
1131,Heme/Onc (IM),LCDR,2012,CONUS MTF,2-4 months
1132,Ophthalmology,CDR,2015,OCONUS MTF,2-4 months
1133,Otolaryngology,CAPT or Flag,2013,CONUS MTF,NA
1134,Emergency Medicine,LT,2013,GME,2-4 months
1135,Emergency Medicine,LCDR,2016,CONUS MTF,2-4 months
1136,Otolaryngology,CDR,2015,CONUS MTF,2-4 months
1137,Radiation Oncology,LCDR,2015,CONUS MTF,> 4 months
1138,Ophthalmology,CDR,2011,CONUS MTF,2-4 months
1139,Otolaryngology,LCDR,2015,CONUS MTF,> 4 months
531,Resident,LT,2015,CONUS MTF,NA
1142,Otolaryngology,LCDR,2015,CONUS MTF,> 4 months
1143,Otolaryngology,CAPT or Flag,2014,CONUS MTF,NA
1144,Emergency Medicine,LCDR,2014,CONUS MTF,2-4 months
1145,Otolaryngology,CDR,2011,CONUS MTF,2-4 months
1146,Ophthalmology,CDR,2014,CONUS MTF,2-4 months
1147,Otolaryngology,LCDR,2015,CONUS MTF,2-4 months
1148,Endocrinology (IM),LCDR,2015,CONUS MTF,2-4 months
1150,Neurosurgery,LCDR,2014,CONUS MTF,NA
1151,Neurosurgery,LCDR,2015,CONUS MTF,2-4 months
1153,Infectious Disease (IM),CAPT or Flag,2015,GME,2-4 months
1156,Emergency Medicine,CAPT or Flag,2015,CONUS MTF,2-4 months
1157,Radiation Oncology,LCDR,2014,GME,2-4 months
539,Resident,LT,2014,GME,2-4 months
1159,Emergency Medicine,LCDR,2014,CONUS MTF,2-4 months
1160,Neurosurgery,LCDR,2015,OCONUS MTF,2-4 months
1163,Neurosurgery,LCDR,2013,CONUS MTF,NA
1164,Otolaryngology,CDR,2016,OCONUS MTF,2-4 months
1166,Neurosurgery,CAPT or Flag,2014,GME,2-4 months
1167,Psychiatry,CAPT or Flag,2016,CONUS MTF,2-4 months
1168,OB/GYN,LCDR,2015,OCONUS MTF,2-4 months
1169,Infectious Disease (IM),CAPT or Flag,2014,CONUS MTF,2-4 months
1170,Emergency Medicine,LCDR,2016,CONUS Operational,2-4 months
540,Resident,LT,2016,CONUS MTF,2-4 months
1172,Otolaryngology,CAPT or Flag,2015,CONUS MTF,> 4 months
1173,Pediatrics,LT,2016,CONUS MTF,2-4 months
1174,Infectious Disease (IM),CAPT or Flag,2016,Non-Operational/Non-Clinical,NA
574,Resident,LT,2014,GME,2-4 months
1180,Ophthalmology,LCDR,2015,OCONUS MTF,2-4 months
1181,Family Medicine,CAPT or Flag,2016,OCONUS Operational,2-4 months
1182,Heme/Onc (IM),CAPT or Flag,2006,CONUS MTF,NA
1183,Family Medicine,CAPT or Flag,2016,OCONUS MTF,2-4 months
1184,OB/GYN,LCDR,2016,OCONUS MTF,2-4 months
1185,Family Medicine,LCDR,2014,OCONUS MTF,> 4 months
1186,Infectious Disease (IM),LCDR,2016,Non-Operational/Non-Clinical,> 4 months
1187,Otolaryngology,CDR,2012,CONUS MTF,> 4 months
1188,Family Medicine,LCDR,2013,OCONUS MTF,2-4 months
1189,Neurosurgery,LCDR,2015,CONUS MTF,NA
1190,Neurosurgery,LCDR,2016,CONUS MTF,2-4 months
577,Resident,LT,2014,GME,2-4 months
1192,Emergency Medicine,CAPT or Flag,2015,CONUS Operational,2-4 months
579,Resident,LCDR,2016,CONUS Operational,2-4 months
624,Resident,LT,2015,GME,2-4 months
642,Resident,LCDR,2015,GME,2-4 months
1196,Psychiatry,LCDR,2013,CONUS MTF,2-4 months
1197,Otolaryngology,CDR,2015,CONUS MTF,2-4 months
1198,Neurosurgery,LCDR,2015,CONUS MTF,2-4 months
807,Resident,LCDR,2014,GME,> 4 months
786,Resident,LT,2016,GME,> 4 months
1202,Neurosurgery,LCDR,2014,CONUS MTF,2-4 months
1203,OB/GYN,CAPT or Flag,2015,CONUS MTF,2-4 months
1204,OB/GYN,LCDR,2016,CONUS MTF,2-4 months
822,Resident,LT,2014,GME,2-4 months
1206,OB/GYN,CDR,2014,CONUS MTF,2-4 months
1207,OB/GYN,CDR,2016,CONUS MTF,2-4 months
1208,OB/GYN,LT,2014,GME,> 4 months
1209,OB/GYN,CDR,2014,CONUS MTF,2-4 months
1210,OB/GYN,CDR,NA,CONUS MTF,NA
1211,OB/GYN,CDR,2016,CONUS MTF,NA
917,Resident,LT,2014,Non-Operational/Non-Clinical,NA
1213,OB/GYN,LCDR,2014,CONUS MTF,2-4 months
1214,OB/GYN,CAPT or Flag,2016,Non-Operational/Non-Clinical,NA
1215,OB/GYN,CDR,2015,CONUS Operational,2-4 months
1216,OB/GYN,LT,2016,CONUS MTF,2-4 months
936,Resident,LT,2016,GME,NA
1218,OB/GYN,CDR,2015,CONUS MTF,NA
1219,OB/GYN,LCDR,2014,CONUS MTF,2-4 months
966,Resident,LT,2016,GME,NA
1221,OB/GYN,LCDR,2015,CONUS MTF,> 4 months
1010,Resident,LT,2016,GME,2-4 months
1223,OB/GYN,CAPT or Flag,2014,Non-Operational/Non-Clinical,NA
1224,OB/GYN,LT,2016,GME,2-4 months
1225,OB/GYN,LT,2013,CONUS MTF,2-4 months
1226,Infectious Disease (IM),CAPT or Flag,2013,Non-Operational/Non-Clinical,2-4 months
1227,OB/GYN,LCDR,2016,CONUS MTF,NA
1228,OB/GYN,CAPT or Flag,2013,CONUS MTF,2-4 months
1229,OB/GYN,LT,2014,GME,> 4 months
1230,Neurosurgery,LCDR,2014,CONUS MTF,2-4 months
1231,OB/GYN,LCDR,2016,CONUS MTF,2-4 months
1232,Otolaryngology,LCDR,2015,CONUS MTF,2-4 months
1233,Neurosurgery,CDR,2015,CONUS MTF,2-4 months
1058,Resident,LT,2013,GME,2-4 months
1060,Resident,LT,NA,GME,NA
1236,OB/GYN,CAPT or Flag,2011,CONUS MTF,NA
1237,OB/GYN,LT,2014,CONUS MTF,> 4 months
1238,OB/GYN,CDR,2016,CONUS MTF,NA
1239,OB/GYN,CDR,2016,OCONUS MTF,2-4 months
1240,Dermatology,CDR,2014,CONUS MTF,> 4 months
1241,OB/GYN,CDR,2016,CONUS MTF,NA
1242,OB/GYN,CDR,2015,CONUS Operational,2-4 months
1243,Otolaryngology,CDR,2015,CONUS MTF,2-4 months
1245,OB/GYN,LT,2016,CONUS MTF,> 4 months
1246,OB/GYN,LCDR,2015,OCONUS MTF,> 4 months
1061,Resident,LT,2012,GME,> 4 months
1248,OB/GYN,LT,2016,GME,2-4 months
1249,Internal Medicine (General),LT,2016,GME,2-4 months
1250,OB/GYN,CDR,2016,OCONUS Operational,NA
1252,Pathology,CAPT or Flag,2015,CONUS Operational,2-4 months
1102,Resident,LCDR,2014,CONUS MTF,2-4 months
1254,Otolaryngology,LCDR,2014,OCONUS MTF,2-4 months
1255,OB/GYN,LCDR,2015,OCONUS MTF,2-4 months
1257,OB/GYN,LCDR,2014,CONUS MTF,2-4 months
1258,Pulmonary Critical Care (IM),LCDR,2016,OCONUS MTF,2-4 months
1259,Emergency Medicine,LCDR,2014,CONUS MTF,2-4 months
1260,OB/GYN,LCDR,2016,OCONUS MTF,2-4 months
1261,OB/GYN,LCDR,2016,CONUS MTF,NA
1127,Resident,LT,2015,CONUS MTF,2-4 months
1141,Resident,LT,2015,GME,2-4 months
1158,Resident,LCDR,2014,CONUS MTF,2-4 months
1266,Aerospace Medicine (Residency Trained Flight),CAPT or Flag,2013,Non-Operational/Non-Clinical,2-4 months
1267,OB/GYN,LCDR,2015,CONUS MTF,2-4 months
1268,Ophthalmology,CDR,2016,OCONUS MTF,2-4 months
1179,Resident,LT,2016,GME,> 4 months
1205,Resident,LT,2016,CONUS MTF,NA
1271,Occupational Medicine,LCDR,2016,OCONUS MTF,2-4 months
1217,Resident,LT,2016,GME,2-4 months
1273,Aerospace Medicine (Residency Trained Flight),CAPT or Flag,2015,CONUS Operational,2-4 months
1274,OB/GYN,LT,2015,CONUS MTF,2-4 months
1234,Resident,LT,2014,CONUS MTF,2-4 months
1276,Neurosurgery,CAPT or Flag,2013,CONUS MTF,> 4 months
1320,Resident,LCDR,2014,GME,2-4 months
1279,Psychiatry,LCDR,2016,CONUS Operational,2-4 months
97,Undersea Medicine,LT,2016,OCONUS Operational,NA
1282,OB/GYN,CDR,2015,CONUS MTF,NA
1283,OB/GYN,LT,2015,GME,2-4 months
1284,OB/GYN,LCDR,2015,CONUS MTF,2-4 months
103,Undersea Medicine,LT,2015,CONUS Operational,NA
1287,Family Medicine,CAPT or Flag,2016,OCONUS Operational,NA
1288,OB/GYN,LT,2016,GME,2-4 months
1289,Family Medicine,CAPT or Flag,2015,CONUS Operational,2-4 months
239,Undersea Medicine,CAPT or Flag,2014,OCONUS Operational,2-4 months
1292,OB/GYN,LCDR,2014,CONUS MTF,2-4 months
1293,Neurosurgery,CDR,2016,CONUS MTF,2-4 months
1295,Otolaryngology,CDR,2016,CONUS MTF,2-4 months
1296,Other,CAPT or Flag,2013,OCONUS Operational,> 4 months
1297,Radiology,CAPT or Flag,2015,CONUS Operational,NA
1298,OB/GYN,CAPT or Flag,2014,CONUS MTF,> 4 months
1300,Cardiology (IM),CDR,2014,CONUS MTF,NA
1301,Psychiatry,LT,2016,CONUS MTF,> 4 months
1302,Family Medicine,CDR,2016,OCONUS Operational,2-4 months
1303,Aerospace Medicine (Residency Trained Flight),LCDR,2016,OCONUS Operational,2-4 months
1304,Family Medicine,LT,2016,CONUS Operational,2-4 months
1305,Family Medicine,CDR,2016,Non-Operational/Non-Clinical,2-4 months
343,Undersea Medicine,LT,2015,OCONUS Operational,NA
435,Undersea Medicine,CAPT or Flag,2015,Non-Operational/Non-Clinical,> 4 months
1308,Endocrinology (IM),CDR,2015,CONUS MTF,2-4 months
1309,OB/GYN,CAPT or Flag,2007,CONUS MTF,NA
1311,Family Medicine,CDR,2014,OCONUS MTF,> 4 months
1063,Undersea Medicine,LCDR,2014,CONUS Operational,> 4 months
1314,OB/GYN,LCDR,2015,CONUS MTF,2-4 months
1315,Internal Medicine (General),LT,2015,OCONUS MTF,NA
1316,Internal Medicine (General),LT,2014,OCONUS MTF,2-4 months
1317,Psychiatry,LCDR,2015,CONUS MTF,2-4 months
1318,Cardiothoracic Surgery,CDR,2013,CONUS MTF,> 4 months
1064,Undersea Medicine,LT,2015,CONUS Operational,NA
1321,Otolaryngology,LCDR,2016,CONUS MTF,2-4 months
1322,Otolaryngology,LCDR,2016,CONUS MTF,2-4 months
1323,Otolaryngology,LCDR,2016,OCONUS MTF,2-4 months
1325,Family Medicine,LT,2016,GME,2-4 months
1326,Anesthesiology,CDR,2013,Non-Operational/Non-Clinical,2-4 months
1327,Otolaryngology,LCDR,2016,CONUS MTF,2-4 months
1067,Undersea Medicine,LT,2015,CONUS MTF,NA
1331,Family Medicine,LT,2016,CONUS Operational,> 4 months
1332,Emergency Medicine,LCDR,2015,CONUS MTF,2-4 months
1333,Neurosurgery,CDR,2011,CONUS MTF,2-4 months
1334,Cardiothoracic Surgery,CDR,2015,CONUS MTF,> 4 months
1069,Undersea Medicine,LT,2014,Non-Operational/Non-Clinical,NA
1336,Pediatrics,LT,2014,GME,2-4 months
1337,Infectious Disease (IM),CDR,2012,CONUS MTF,2-4 months
1338,Neurosurgery,LCDR,2012,GME,> 4 months
1339,Family Medicine,CDR,2015,OCONUS MTF,NA
1340,Emergency Medicine,LCDR,2016,OCONUS MTF,2-4 months
1341,Family Medicine,LCDR,2013,CONUS Operational,2-4 months
1342,Gastroenterology (IM),CDR,2015,CONUS MTF,> 4 months
1343,Ophthalmology,CAPT or Flag,2016,CONUS Operational,NA
1344,OB/GYN,LCDR,2014,OCONUS MTF,2-4 months
1345,Otolaryngology,LCDR,2015,OCONUS MTF,2-4 months
1346,Infectious Disease (IM),CDR,2015,CONUS MTF,> 4 months
1348,OB/GYN,LCDR,2015,GME,2-4 months
1350,Ophthalmology,CAPT or Flag,2015,OCONUS MTF,2-4 months
1352,Cardiothoracic Surgery,CDR,2013,CONUS MTF,2-4 months
1353,Otolaryngology,LT,2016,CONUS MTF,2-4 months
1354,Physical Medicine and Rehabilitation,LCDR,2015,CONUS MTF,> 4 months
1356,General Surgery,CAPT or Flag,2014,CONUS Operational,2-4 months
1357,Family Medicine,LCDR,2014,GME,NA
1358,OB/GYN,LCDR,2014,CONUS Operational,2-4 months
1359,General Surgery,CDR,2016,CONUS Operational,2-4 months
1070,Undersea Medicine,LT,2015,CONUS Operational,NA
1076,Undersea Medicine,CAPT or Flag,2015,CONUS Operational,2-4 months
1362,Pediatrics,LT,2014,CONUS MTF,> 4 months
1272,Undersea Medicine,LT,2016,CONUS Operational,NA
1364,Internal Medicine (General),LCDR,2016,CONUS MTF,NA
1365,Pathology,LCDR,2014,CONUS MTF,2-4 months
1366,OB/GYN,LCDR,2014,CONUS MTF,2-4 months
1368,General Surgery,LCDR,2016,OCONUS MTF,2-4 months
